순번,일자,고객명,산업군,지역,제품명,분야,불만
1,2026-01-06,한빛제조,제조,경기,MES,품질,불량률 리포트 수치가 현장 집계와 달라 품질회의 자료로 쓸 수 없습니다
2,2026-01-07,한빛제조,제조,경기,MES,기능,작업지시 변경 이력이 남지 않아 원인 추적이 어렵습니다
3,2026-01-08,동서정밀,제조,경남,MES,납기,설비 인터페이스 개선 일정이 2주 지연되어 라인 가동에 차질이 있습니다
4,2026-01-09,동서정밀,제조,경남,ERP,사용성,자재 입고 화면이 복잡하고 필수 항목 안내가 부족합니다
5,2026-01-10,미래부품,제조,충남,ERP,비용,라이선스 추가 비용 산정 기준이 불명확하고 견적이 늦습니다
6,2026-01-13,미래부품,제조,충남,MES,기술지원,야간 장애 시 기술지원 연결이 어렵고 복구 시간이 깁니다
7,2026-01-14,남산금속,제조,인천,품질관리,품질,검사 기준 마스터가 중복되어 불량 판정이 일관되지 않습니다
8,2026-01-15,남산금속,제조,인천,MES,보안,협력사 계정 권한 분리가 안 되어 생산실적 데이터가 노출됩니다
9,2026-01-16,한강은행,금융,서울,보안솔루션,보안,OTP 인증 오류가 반복되고 로그인 실패 로그 추적이 안 됩니다
10,2026-01-17,한강은행,금융,서울,보안솔루션,기술지원,보안 패치 이후 VPN 접속이 불안정합니다
11,2026-01-20,우리자산,금융,서울,CRM,기능,고객 상담 이력이 중복 저장되어 캠페인 대상 추출이 부정확합니다
12,2026-01-21,우리자산,금융,서울,CRM,사용성,상담 화면 로딩이 느리고 필수 입력값이 너무 많습니다
13,2026-01-22,동양증권,금융,부산,보안솔루션,보안,내부망 접근제어 정책 변경 요청이 2주째 처리되지 않습니다
14,2026-01-23,동양증권,금융,부산,ERP,비용,유지보수 계약 범위 밖의 과금이 발생해 정산 내역 확인이 필요합니다
15,2026-01-24,한울캐피탈,금융,서울,CRM,품질,신용조회 연동 오류로 상담 품질이 떨어지고 재작업이 많습니다
16,2026-01-27,청솔마트,유통,대전,POS,품질,결제가 간헐적으로 실패하고 영수증 한글이 깨져 출력됩니다
17,2026-01-28,청솔마트,유통,대전,POS,납기,점포 추가 설치 일정이 계속 미뤄지고 있습니다
18,2026-01-29,별빛유통,유통,서울,CRM,기능,프로모션 대상 조건이 잘못 적용되어 쿠폰이 중복 발급됩니다
19,2026-01-30,별빛유통,유통,서울,ERP,재고,재고 수량이 매장 실사와 맞지 않고 입출고 반영이 늦습니다
20,2026-02-02,햇살슈퍼,유통,광주,POS,사용성,파트타이머가 쓰기엔 화면이 어렵고 교육 자료가 부족합니다
21,2026-02-03,햇살슈퍼,유통,광주,CRM,기술지원,고객 적립 오류 문의에 대한 응답이 늦습니다
22,2026-02-04,그린샵,유통,경기,ERP,비용,수수료 정산 리포트 커스터마이징 견적이 과도합니다
23,2026-02-05,한빛도시공사,공공,서울,행정시스템,기능,민원 상태 변경 시 알림이 가지 않아 민원인이 반복 문의합니다
24,2026-02-06,한빛도시공사,공공,서울,행정시스템,사용성,첨부파일 업로드 용량 제한이 작고 한글 파일명이 깨집니다
25,2026-02-07,동해지자체,공공,강원,보안솔루션,보안,계정 잠금 해제 절차가 복잡하고 담당자 연결이 어렵습니다
26,2026-02-10,동해지자체,공공,강원,행정시스템,납기,통계 대시보드 구축 일정이 분기 보고 이후로 밀렸습니다
27,2026-02-11,남부교육청,공공,전남,행정시스템,품질,성적 집계 숫자가 학교 제출 자료와 달라 신뢰가 떨어집니다
28,2026-02-12,남부교육청,공공,전남,클라우드,기술지원,클라우드 전환 중 장애 공지가 늦어 현업 대응이 늦었습니다
29,2026-02-13,코넷통신,통신,서울,네트워크장비,품질,특정 시간대 패킷 손실이 증가해 고객 민원이 늘었습니다
30,2026-02-14,코넷통신,통신,서울,네트워크장비,납기,기지국 장비 교체 일정이 자재 부족으로 지연됩니다
31,2026-02-17,하늘모바일,통신,경기,고객포털,사용성,요금 조회 화면이 느리고 모바일에서 글자가 잘립니다
32,2026-02-18,하늘모바일,통신,경기,고객포털,기능,약정 해지 시뮬레이션 결과가 상담사 시스템과 다릅니다
33,2026-02-19,블루링크,통신,부산,보안솔루션,보안,고객정보 조회 로그가 남지 않아 감사 대응이 어렵습니다
34,2026-02-20,블루링크,통신,부산,네트워크장비,기술지원,장애 티켓 이관이 반복되어 복구 SLA를 지키지 못합니다
35,2026-02-21,서울의료원,의료,서울,EMR,품질,처방 정보가 지연 반영되어 중복 처방이 발생했습니다
36,2026-02-24,서울의료원,의료,서울,EMR,사용성,간호 기록 화면 전환이 많고 필수 입력이 중복됩니다
37,2026-02-25,한빛병원,의료,대구,PACS,기능,영상 로딩이 느리고 판독문 한글 입력이 간헐적으로 누락됩니다
38,2026-02-26,한빛병원,의료,대구,PACS,기술지원,야간 영상 조회 장애 시 원격지원 연결이 실패합니다
39,2026-02-27,미소치과네트워크,의료,서울,CRM,비용,예약 알림 LMS 추가 과금 기준이 계약과 다릅니다
40,2026-02-28,미소치과네트워크,의료,서울,CRM,개인정보,동의 철회 고객 데이터가 캠페인 목록에 남아 있습니다
41,2026-03-03,한빛제조,제조,경기,클라우드,보안,VPN 접속 기록이 남지 않아 보안 점검에 쓸 수 없습니다
42,2026-03-04,한강은행,금융,서울,클라우드,비용,스토리지 사용량 급증 원인을 설명하는 리포트가 없습니다
43,2026-03-05,청솔마트,유통,대전,ERP,납기,본사 발주 연동 개선이 약정 납기를 넘겼습니다
44,2026-03-06,한빛도시공사,공공,서울,클라우드,품질,대시보드 숫자가 원장과 불일치합니다
45,2026-03-07,코넷통신,통신,서울,고객포털,품질,장애 공지 게시가 지연되어 고객 불만이 반복됩니다
46,2026-03-10,서울의료원,의료,서울,EMR,보안,퇴직자 계정이 남아 있어 개인정보 접근 위험이 있습니다
47,2026-03-11,별빛유통,유통,서울,CRM,기능,반품 사유 코드가 부족해 불만 유형 집계가 안 됩니다
48,2026-03-12,동양증권,금융,부산,CRM,사용성,상담 메모 저장 시 세션이 끊기고 작성 내용이 사라집니다
49,2026-03-13,미래부품,제조,충남,ERP,기능,원가 리포트에서 한글 항목명이 깨져 경영보고에 쓸 수 없습니다
50,2026-03-14,남부교육청,공공,전남,행정시스템,기술지원,학부모 민원 연계 오류에 대한 패치 일정이 없습니다
